value_1,value_2,image,image/_alt
"NFIB","02/16/2016","http://govpics.maryland.gov/pages/ImageHandler.ashx?EventID=4461&ImageID=565339&Thumbs=True",""
"MARYLAND RAILROADERS FOOTBALL TEAM","02/16/2016","http://govpics.maryland.gov/pages/ImageHandler.ashx?EventID=4462&ImageID=565506&Thumbs=True",""
"LAUREL PARK FAY FOUNDRAISER LG","02/13/2016","http://govpics.maryland.gov/pages/ImageHandler.ashx?EventID=4460&ImageID=565230&Thumbs=True",""
"EDBI DEMOLITION","02/12/2016","http://govpics.maryland.gov/pages/ImageHandler.ashx?EventID=4459&ImageID=565199&Thumbs=True",""
"UNIVERSITY OF MARYLAND STAFF FACULTY AND STUDENTS","02/11/2016","http://govpics.maryland.gov/pages/ImageHandler.ashx?EventID=4456&ImageID=565129&Thumbs=True",""
"THOMAS JEFFERSON STUDENTS","02/11/2016","http://govpics.maryland.gov/pages/ImageHandler.ashx?EventID=4455&ImageID=565077&Thumbs=True",""
"MARYLAND TEACHER OF THE YEAR","02/11/2016","http://govpics.maryland.gov/pages/ImageHandler.ashx?EventID=4458&ImageID=565175&Thumbs=True",""
"LT. GOVERNOR AT TURKISH RECEPTION","02/11/2016","http://govpics.maryland.gov/pages/ImageHandler.ashx?EventID=4457&ImageID=565141&Thumbs=True",""
"JCC MEN'S CLUB ANNAPOLIS","02/11/2016","http://govpics.maryland.gov/pages/ImageHandler.ashx?EventID=4453&ImageID=565048&Thumbs=True",""
"BOY SCOUT LEADERSHIP BREAKFAST","02/11/2016","http://govpics.maryland.gov/pages/ImageHandler.ashx?EventID=4454&ImageID=565057&Thumbs=True",""
"EXECUTIVE ORDER AND BOARD OF PUBLIC WORKS","02/10/2016","http://govpics.maryland.gov/pages/ImageHandler.ashx?EventID=4452&ImageID=565024&Thumbs=True",""
"STAFF MEETING ON STORM RESPONSE","02/09/2016","http://govpics.maryland.gov/pages/ImageHandler.ashx?EventID=4446&ImageID=564637&Thumbs=True",""